-- Metro District Insert SQL
INSERT INTO metro_distinct (m_d_id, m_d_name) VALUES
('d1', '마포구'),
('d2', '용산구'),
('d3', '성동구'),
('d4', '중구'),
('d5', '서대문구'),
('d6', '종로구'),
('d7', '은평구'),
('d8', '성북구'),
('d9', '광진구'),
('d10', '동대문구'),
('d11', '중랑구'),
('d12', '동작구'),
('d13', '영등포구'),
('d14', '구로구'),
('d15', '양천구'),
('d16', '강서구'),
('d17', '관악구'),
('d18', '금천구'),
('d19', '서초구'),
('d20', '강남구'),
('d21', '송파구'),
('d22', '강동구'),
('d23', '강북구'),
('d24', '도봉구'),
('d25', '노원구');


-- Metro Station Insert SQL
INSERT INTO metro_station (m_st_id, m_d_id, m_st_name) VALUES
('s1', 'd14', '온수역'),
('s2', 'd14', '오류동역'),
('s3', 'd14', '개봉역'),
('s4', 'd14', '구일역'),
('s5', 'd14', '구로역'),
('s6', 'd14', '신도림역'),
('s7', 'd18', '가산디지털단지역'),
('s8', 'd18', '독산역'),
('s9', 'd18', '금천구청역'),
('s10', 'd18', '석수역'),
('s11', 'd13', '영등포역'),
('s12', 'd13', '신길역'),
('s13', 'd13', '대방역'),
('s14', 'd12', '노량진역'),
('s15', 'd2', '용산역'),
('s16', 'd2', '남영역'),
('s17', 'd4', '서울역'),
('s18', 'd4', '시청역'),
('s19', 'd6', '종각역'),
('s20', 'd6', '종로3가역'),
('s21', 'd6', '종로5가역'),
('s22', 'd6', '동대문역'),
('s23', 'd6', '동묘앞역'),
('s24', 'd10', '신설동역'),
('s25', 'd10', '제기동역'),
('s26', 'd10', '청량리역'),
('s27', 'd10', '회기역'),
('s28', 'd11', '외대앞역'),
('s29', 'd11', '신이문역'),
('s30', 'd25', '석계역'),
('s31', 'd25', '광운대역'),
('s32', 'd25', '월계역'),
('s33', 'd24', '녹천역'),
('s34', 'd24', '창동역'),
('s35', 'd24', '방학역'),
('s36', 'd24', '도봉역'),
('s37', 'd24', '도봉산역'),
('s38', 'd13', '문래역'),
('s39', 'd13', '영등포구청역'),
('s40', 'd13', '당산역'),
('s41', 'd1', '합정역'),
('s42', 'd1', '홍대입구역'),
('s43', 'd1', '신촌역'),
('s44', 'd1', '이대역'),
('s45', 'd1', '아현역'),
('s46', 'd5', '충정로역'),
('s47', 'd4', '을지로입구역'),
('s48', 'd4', '을지로3가역'),
('s49', 'd4', '을지로4가역'),
('s50', 'd4', '동대문역사문화공원역'),
('s51', 'd4', '신당역'),
('s52', 'd3', '상왕십리역'),
('s53', 'd3', '왕십리역'),
('s54', 'd3', '한양대역'),
('s55', 'd3', '뚝섬역'),
('s56', 'd3', '성수역'),
('s57', 'd3', '용답역'),
('s58', 'd3', '신답역'),
('s59', 'd3', '용두역'),
('s60', 'd9', '건대입구역'),
('s61', 'd9', '구의역'),
('s62', 'd9', '강변역'),
('s63', 'd21', '잠실나루역'),
('s64', 'd21', '잠실역'),
('s65', 'd21', '잠실새내역'),
('s66', 'd21', '종합운동장역'),
('s67', 'd20', '삼성역'),
('s68', 'd20', '선릉역'),
('s69', 'd20', '역삼역'),
('s70', 'd20', '강남역'),
('s71', 'd19', '교대역'),
('s72', 'd19', '서초역'),
('s73', 'd19', '방배역'),
('s74', 'd19', '사당역'),
('s75', 'd17', '낙성대역'),
('s76', 'd17', '서울대입구역'),
('s77', 'd17', '봉천역'),
('s78', 'd17', '신림역'),
('s79', 'd17', '신대방역'),
('s80', 'd14', '구로디지털단지역'),
('s81', 'd14', '대림역');

INSERT INTO metro_station (m_st_id, m_d_id, m_st_name) VALUES
('s82', 'd14', '대림역'),
('s83', 'd14', '도림천역'),
('s84', 'd15', '양천구청역'),
('s85', 'd15', '신정네거리역'),
('s86', 'd16', '까치산역'),
('s87', 'd7', '구파발역'),
('s88', 'd7', '연신내역'),
('s89', 'd7', '불광역'),
('s90', 'd7', '녹번역'),
('s91', 'd5', '홍제역'),
('s92', 'd5', '무악재역'),
('s93', 'd6', '독립문역'),
('s94', 'd6', '경복궁역'),
('s95', 'd6', '안국역'),
('s96', 'd4', '충무로역'),
('s97', 'd4', '동대입구역'),
('s98', 'd4', '약수역'),
('s99', 'd3', '금호역'),
('s100', 'd3', '옥수역'),
('s101', 'd20', '압구정역'),
('s102', 'd20', '신사역'),
('s103', 'd19', '잠원역'),
('s104', 'd19', '고속터미널역'),
('s105', 'd19', '남부터미널역'),
('s106', 'd20', '양재역'),
('s107', 'd20', '매봉역'),
('s108', 'd20', '도곡역'),
('s109', 'd20', '대치역'),
('s110', 'd20', '학여울역'),
('s111', 'd20', '대청역'),
('s112', 'd20', '일원역'),
('s113', 'd20', '수서역'),
('s114', 'd21', '가락시장역'),
('s115', 'd21', '경찰병원역'),
('s116', 'd21', '오금역'),
('s117', 'd25', '당고개역'),
('s118', 'd25', '상계역'),
('s119', 'd25', '노원역'),
('s120', 'd24', '쌍문역'),
('s121', 'd23', '수유역'),
('s122', 'd23', '미아역'),
('s123', 'd23', '미아사거리역'),
('s124', 'd8', '길음역'),
('s125', 'd8', '성신여대역'),
('s126', 'd8', '한성대입구역'),
('s127', 'd6', '혜화역'),
('s128', 'd4', '명동역'),
('s129', 'd4', '회현역'),
('s130', 'd2', '숙대입구역'),
('s131', 'd2', '삼각지역'),
('s132', 'd2', '신용산역'),
('s133', 'd2', '이촌역'),
('s134', 'd12', '동작역'),
('s135', 'd12', '총신대입구(이수)역'),
('s136', 'd19', '남태령역'),
('s137', 'd16', '방화역'),
('s138', 'd16', '개화산역'),
('s139', 'd16', '김포공항역'),
('s140', 'd16', '송정역'),
('s141', 'd16', '마곡역'),
('s142', 'd16', '발산역'),
('s143', 'd16', '우장산역'),
('s144', 'd16', '화곡역'),
('s145', 'd15', '신정역'),
('s146', 'd15', '목동역'),
('s147', 'd15', '오목교역'),
('s148', 'd13', '양평역'),
('s149', 'd13', '영등포시장역'),
('s150', 'd13', '여의도역'),
('s151', 'd13', '여의나루역'),
('s152', 'd1', '마포역'),
('s153', 'd1', '공덕역'),
('s154', 'd1', '애오개역'),
('s155', 'd5', '서대문역'),
('s156', 'd6', '광화문역'),
('s157', 'd4', '청구역'),
('s158', 'd3', '신금호역'),
('s159', 'd3', '행당역'),
('s160', 'd3', '마장역'),
('s161', 'd3', '답십리역'),
('s162', 'd10', '장한평역'),
('s163', 'd9', '군자역'),
('s164', 'd9', '아차산역'),
('s165', 'd9', '광나루역'),
('s166', 'd22', '천호역'),
('s167', 'd22', '길동역'),
('s168', 'd22', '굽은다리역'),
('s169', 'd22', '명일역'),
('s170', 'd22', '고덕역'),
('s171', 'd22', '상일역'),
('s172', 'd22', '강일역'),
('s173', 'd22', '둔촌동역'),
('s174', 'd21', '올림픽공원역'),
('s175', 'd21', '방이역'),
('s176', 'd21', '개롱역'),
('s177', 'd21', '거여역'),
('s178', 'd21', '마천역'),
('s179', 'd11', '신내역'),
('s180', 'd25', '봉화산역'),
('s181', 'd25', '화랑대역'),
('s182', 'd25', '태릉입구역'),
('s183', 'd8', '돌곶이역'),
('s184', 'd8', '상월곡역'),
('s185', 'd8', '월곡역'),
('s186', 'd8', '고려대역'),
('s187', 'd8', '안암역'),
('s188', 'd8', '보문역'),
('s189', 'd6', '창신역'),
('s190', 'd4', '버티고개역'),
('s191', 'd2', '한강진역'),
('s192', 'd2', '이태원역'),
('s193', 'd2', '녹사평역'),
('s194', 'd2', '효창공원앞역'),
('s195', 'd1', '대흥역'),
('s196', 'd1', '광흥창역'),
('s197', 'd1', '상수역'),
('s198', 'd1', '망원역'),
('s199', 'd1', '마포구청역'),
('s200', 'd1', '월드컵경기장역'),
('s201', 'd1', '디지털미디어시티역'),
('s202', 'd7', '증산역'),
('s203', 'd7', '새절역'),
('s204', 'd7', '응암역'),
('s205', 'd7', '역촌역'),
('s206', 'd7', '독바위역'),
('s207', 'd7', '구산역'),
('s208', 'd25', '수락산역'),
('s209', 'd25', '마들역'),
('s210', 'd25', '중계역'),
('s211', 'd25', '하계역'),
('s212', 'd25', '공릉역'),
('s213', 'd11', '먹골역'),
('s214', 'd11', '중화역'),
('s215', 'd11', '상봉역'),
('s216', 'd11', '면목역'),
('s217', 'd11', '사가정역'),
('s218', 'd11', '용마산역'),
('s219', 'd9', '중곡역'),
('s220', 'd9', '어린이대공원역'),
('s221', 'd9', '자양역'),
('s222', 'd20', '청담역'),
('s223', 'd20', '강남구청역'),
('s224', 'd20', '학동역'),
('s225', 'd20', '논현역'),
('s226', 'd19', '반포역'),
('s227', 'd19', '내방역'),
('s228', 'd12', '남성역'),
('s229', 'd12', '숭실대입구역'),
('s230', 'd12', '상도역'),
('s231', 'd12', '장승배기역'),
('s232', 'd12', '신대방삼거리역'),
('s233', 'd13', '보라매역'),
('s234', 'd13', '신풍역'),
('s235', 'd18', '남구로역'),
('s236', 'd22', '암사역'),
('s237', 'd22', '천호역'),
('s238', 'd22', '강동구청역'),
('s239', 'd21', '몽촌토성역'),
('s240', 'd21', '석촌역'),
('s241', 'd21', '송파역'),
('s242', 'd21', '문정역'),
('s243', 'd21', '장지역'),
('s244', 'd21', '복정역'),
('s245', 'd22', '중앙보훈병원역'),
('s246', 'd21', '둔촌오륜역'),
('s247', 'd21', '한성백제역'),
('s248', 'd21', '송파나루역'),
('s249', 'd21', '석촌고분역'),
('s250', 'd21', '삼전역'),
('s251', 'd20', '봉은사역'),
('s252', 'd20', '삼성중앙역'),
('s253', 'd20', '선정릉역'),
('s254', 'd20', '언주역'),
('s255', 'd20', '신논현역'),
('s256', 'd19', '사평역'),
('s257', 'd19', '신반포역'),
('s258', 'd19', '구반포역'),
('s259', 'd12', '흑석역'),
('s260', 'd12', '노들역'),
('s261', 'd13', '샛강역'),
('s262', 'd13', '국회의사당역'),
('s263', 'd13', '선유도역'),
('s264', 'd15', '신목동역'),
('s265', 'd16', '염창역'),
('s266', 'd16', '등촌역'),
('s267', 'd16', '증미역'),
('s268', 'd16', '가양역'),
('s269', 'd16', '양천향교역'),
('s270', 'd16', '마곡나루역'),
('s271', 'd16', '신방화역'),
('s272', 'd16', '공항시장역'),
('s273', 'd16', '개화역');

INSERT INTO metro_line (m_l_id, m_l_name) VALUES
('l1', '1호선'),
('l2', '2호선'),
('l3', '3호선'),
('l4', '4호선'),
('l5', '5호선'),
('l6', '6호선'),
('l7', '7호선'),
('l8', '8호선'),
('l9', '9호선');

INSERT IGNORE INTO metro_station_line (m_st_id, m_l_id, m_d_id) VALUES
('s1', 'l1', 'd14'),
('s2', 'l1', 'd14'),
('s3', 'l1', 'd14'),
('s4', 'l1', 'd14'),
('s5', 'l1', 'd14'),
('s6', 'l1', 'd14'),
('s7', 'l1', 'd18'),
('s8', 'l1', 'd18'),
('s9', 'l1', 'd18'),
('s10', 'l1', 'd18'),
('s11', 'l1', 'd13'),
('s12', 'l1', 'd13'),
('s13', 'l1', 'd13'),
('s14', 'l1', 'd12'),
('s15', 'l1', 'd2'),
('s16', 'l1', 'd2'),
('s17', 'l1', 'd4'),
('s18', 'l1', 'd4'),
('s19', 'l1', 'd6'),
('s20', 'l1', 'd6'),
('s21', 'l1', 'd6'),
('s22', 'l1', 'd6'),
('s23', 'l1', 'd6'),
('s24', 'l1', 'd10'),
('s25', 'l1', 'd10'),
('s26', 'l1', 'd10'),
('s27', 'l1', 'd10'),
('s28', 'l1', 'd11'),
('s29', 'l1', 'd11'),
('s30', 'l1', 'd25'),
('s31', 'l1', 'd25'),
('s32', 'l1', 'd25'),
('s33', 'l1', 'd24'),
('s34', 'l1', 'd24'),
('s35', 'l1', 'd24'),
('s36', 'l1', 'd24'),
('s37', 'l1', 'd24'),

-- 2호선 역
('s38', 'l2', 'd13'),
('s39', 'l2', 'd13'),
('s40', 'l2', 'd13'),
('s41', 'l2', 'd1'),
('s42', 'l2', 'd1'),
('s43', 'l2', 'd1'),
('s44', 'l2', 'd1'),
('s45', 'l2', 'd1'),
('s46', 'l2', 'd5'),
('s47', 'l2', 'd4'),
('s48', 'l2', 'd4'),
('s49', 'l2', 'd4'),
('s50', 'l2', 'd4'),
('s51', 'l2', 'd4'),
('s52', 'l2', 'd3'),
('s53', 'l2', 'd3'),
('s54', 'l2', 'd3'),
('s55', 'l2', 'd3'),
('s56', 'l2', 'd3'),
('s57', 'l2', 'd3'),
('s58', 'l2', 'd3'),
('s59', 'l2', 'd3'),
('s60', 'l2', 'd9'),
('s61', 'l2', 'd9'),
('s62', 'l2', 'd9'),
('s63', 'l2', 'd21'),
('s64', 'l2', 'd21'),
('s65', 'l2', 'd21'),
('s66', 'l2', 'd21'),
('s67', 'l2', 'd20'),
('s68', 'l2', 'd20'),
('s69', 'l2', 'd20'),
('s70', 'l2', 'd20'),
('s71', 'l2', 'd19'),
('s72', 'l2', 'd19'),
('s73', 'l2', 'd19'),
('s74', 'l2', 'd19'),
('s75', 'l2', 'd17'),
('s76', 'l2', 'd17'),
('s77', 'l2', 'd17'),
('s78', 'l2', 'd17'),
('s79', 'l2', 'd17'),
('s80', 'l2', 'd14'),
('s81', 'l2', 'd14'),
('s82', 'l2', 'd14'),
('s83', 'l2', 'd14'),
('s84', 'l2', 'd15'),
('s85', 'l2', 'd15'),
('s86', 'l2', 'd16'),

-- 3호선 역
('s87', 'l3', 'd7'),
('s88', 'l3', 'd7'),
('s89', 'l3', 'd7'),
('s90', 'l3', 'd7'),
('s91', 'l3', 'd5'),
('s92', 'l3', 'd5'),
('s93', 'l3', 'd6'),
('s94', 'l3', 'd6'),
('s95', 'l3', 'd6'),
('s96', 'l3', 'd4'),
('s97', 'l3', 'd4'),
('s98', 'l3', 'd4'),
('s99', 'l3', 'd3'),
('s100', 'l3', 'd3'),
('s101', 'l3', 'd20'),
('s102', 'l3', 'd20'),
('s103', 'l3', 'd19'),
('s104', 'l3', 'd19'),
('s105', 'l3', 'd19'),
('s106', 'l3', 'd20'),
('s107', 'l3', 'd20'),
('s108', 'l3', 'd20'),
('s109', 'l3', 'd20'),
('s110', 'l3', 'd20'),
('s111', 'l3', 'd20'),
('s112', 'l3', 'd20'),
('s113', 'l3', 'd20'),
('s114', 'l3', 'd21'),
('s115', 'l3', 'd21'),
('s116', 'l3', 'd21'),

-- 4호선 역
('s117', 'l4', 'd25'),
('s118', 'l4', 'd25'),
('s119', 'l4', 'd25'),
('s120', 'l4', 'd24'),
('s121', 'l4', 'd23'),
('s122', 'l4', 'd23'),
('s123', 'l4', 'd23'),
('s124', 'l4', 'd8'),
('s125', 'l4', 'd8'),
('s126', 'l4', 'd8'),
('s127', 'l4', 'd6'),
('s128', 'l4', 'd4'),
('s129', 'l4', 'd4'),
('s130', 'l4', 'd2'),
('s131', 'l4', 'd2'),
('s132', 'l4', 'd2'),
('s133', 'l4', 'd2'),
('s134', 'l4', 'd12'),
('s135', 'l4', 'd12'),
('s136', 'l4', 'd19'),

-- 5호선 역
('s137', 'l5', 'd16'),
('s138', 'l5', 'd16'),
('s139', 'l5', 'd16'),
('s140', 'l5', 'd16'),
('s141', 'l5', 'd16'),
('s142', 'l5', 'd16'),
('s143', 'l5', 'd16'),
('s144', 'l5', 'd16'),
('s145', 'l5', 'd15'),
('s146', 'l5', 'd15'),
('s147', 'l5', 'd15'),
('s148', 'l5', 'd13'),
('s149', 'l5', 'd13'),
('s150', 'l5', 'd13'),
('s151', 'l5', 'd13'),
('s152', 'l5', 'd1'),
('s153', 'l5', 'd1'),
('s154', 'l5', 'd1'),
('s155', 'l5', 'd5'),
('s156', 'l5', 'd6'),
('s157', 'l5', 'd4'),
('s158', 'l5', 'd3'),
('s159', 'l5', 'd3'),
('s160', 'l5', 'd3'),
('s161', 'l5', 'd3'),
('s162', 'l5', 'd10'),
('s163', 'l5', 'd9'),
('s164', 'l5', 'd9'),
('s165', 'l5', 'd9'),
('s166', 'l5', 'd22'),
('s167', 'l5', 'd22'),
('s168', 'l5', 'd22'),
('s169', 'l5', 'd22'),
('s170', 'l5', 'd22'),
('s171', 'l5', 'd22'),
('s172', 'l5', 'd22'),
('s173', 'l5', 'd22'),
('s174', 'l5', 'd21'),
('s175', 'l5', 'd21'),
('s176', 'l5', 'd21'),
('s177', 'l5', 'd21'),
('s178', 'l5', 'd21'),

-- 6호선 역
('s179', 'l6', 'd11'),
('s180', 'l6', 'd25'),
('s181', 'l6', 'd25'),
('s182', 'l6', 'd25'),
('s183', 'l6', 'd8'),
('s184', 'l6', 'd8'),
('s185', 'l6', 'd8'),
('s186', 'l6', 'd8'),
('s187', 'l6', 'd8'),
('s188', 'l6', 'd8'),
('s189', 'l6', 'd6'),
('s190', 'l6', 'd4'),
('s191', 'l6', 'd2'),
('s192', 'l6', 'd2'),
('s193', 'l6', 'd2'),
('s194', 'l6', 'd2'),
('s195', 'l6', 'd1'),
('s196', 'l6', 'd1'),
('s197', 'l6', 'd1'),
('s198', 'l6', 'd1'),
('s199', 'l6', 'd1'),
('s200', 'l6', 'd1'),
('s201', 'l6', 'd1'),
('s202', 'l6', 'd7'),
('s203', 'l6', 'd7'),
('s204', 'l6', 'd7'),
('s205', 'l6', 'd7'),
('s206', 'l6', 'd7'),
('s207', 'l6', 'd7'),

-- 7호선 역
('s208', 'l7', 'd25'),
('s209', 'l7', 'd25'),
('s210', 'l7', 'd25'),
('s211', 'l7', 'd25'),
('s212', 'l7', 'd25'),
('s213', 'l7', 'd11'),
('s214', 'l7', 'd11'),
('s215', 'l7', 'd11'),
('s216', 'l7', 'd11'),
('s217', 'l7', 'd11'),
('s218', 'l7', 'd11'),
('s219', 'l7', 'd9'),
('s220', 'l7', 'd9'),
('s221', 'l7', 'd9'),
('s222', 'l7', 'd20'),
('s223', 'l7', 'd20'),
('s224', 'l7', 'd20'),
('s225', 'l7', 'd20'),
('s226', 'l7', 'd19'),
('s227', 'l7', 'd19'),
('s228', 'l7', 'd12'),
('s229', 'l7', 'd12'),
('s230', 'l7', 'd12'),
('s231', 'l7', 'd12'),
('s232', 'l7', 'd12'),
('s233', 'l7', 'd13'),
('s234', 'l7', 'd13'),
('s235', 'l7', 'd18'),

-- 8호선 역
('s236', 'l8', 'd22'),
('s237', 'l8', 'd22'),
('s238', 'l8', 'd22'),
('s239', 'l8', 'd21'),
('s240', 'l8', 'd21'),
('s241', 'l8', 'd21'),
('s242', 'l8', 'd21'),
('s243', 'l8', 'd21'),
('s244', 'l8', 'd21'),

-- 9호선 역
('s245', 'l9', 'd22'),
('s246', 'l9', 'd21'),
('s247', 'l9', 'd21'),
('s248', 'l9', 'd21'),
('s249', 'l9', 'd21'),
('s250', 'l9', 'd21'),
('s251', 'l9', 'd20'),
('s252', 'l9', 'd20'),
('s253', 'l9', 'd20'),
('s254', 'l9', 'd20'),
('s255', 'l9', 'd20'),
('s256', 'l9', 'd19'),
('s257', 'l9', 'd19'),
('s258', 'l9', 'd19'),
('s259', 'l9', 'd12'),
('s260', 'l9', 'd12'),
('s261', 'l9', 'd13'),
('s262', 'l9', 'd13'),
('s263', 'l9', 'd13'),
('s264', 'l9', 'd15'),
('s265', 'l9', 'd16'),
('s266', 'l9', 'd16'),
('s267', 'l9', 'd16'),
('s268', 'l9', 'd16'),
('s269', 'l9', 'd16'),
('s270', 'l9', 'd16'),
('s271', 'l9', 'd16'),
('s272', 'l9', 'd16'),
('s273', 'l9', 'd16');

INSERT IGNORE INTO metro_station_line (m_st_id, m_l_id, m_d_id) VALUES
-- 2호선 환승역
('s6', 'l2', 'd14'),    -- 신도림(1,2호선)
('s18', 'l2', 'd4'),    -- 시청(1,2호선)
('s48', 'l3', 'd4'),    -- 을지로3가(2,3호선)
('s50', 'l4', 'd4'),    -- 동대문역사문화공원(2,4호선)
('s50', 'l5', 'd4'),    -- 동대문역사문화공원(2,5호선)
('s51', 'l6', 'd4'),    -- 신당(2,6호선)
('s53', 'l5', 'd3'),    -- 왕십리(2,5호선)
('s60', 'l7', 'd9'),    -- 건대입구(2,7호선)
('s64', 'l8', 'd21'),   -- 잠실(2,8호선)
('s71', 'l3', 'd19'),   -- 교대(2,3호선)
('s74', 'l4', 'd19'),   -- 사당(2,4호선)
('s82', 'l7', 'd14'),   -- 대림(2,7호선)
('s86', 'l5', 'd16'),   -- 까치산(2,5호선)

-- 3호선 환승역
('s20', 'l3', 'd6'),    -- 종로3가(1,3호선)
('s20', 'l5', 'd6'),    -- 종로3가(1,5호선)
('s88', 'l6', 'd7'),    -- 연신내(3,6호선)
('s89', 'l6', 'd7'),    -- 불광(3,6호선)
('s96', 'l4', 'd4'),    -- 충무로(3,4호선)
('s98', 'l6', 'd4'),    -- 약수(3,6호선)
('s104', 'l7', 'd19'),  -- 고속터미널(3,7호선)
('s104', 'l9', 'd19'),  -- 고속터미널(3,9호선)
('s114', 'l8', 'd21'),  -- 가락시장(3,8호선)

-- 4호선 환승역
('s17', 'l4', 'd4'),    -- 서울역(1,4호선)
('s22', 'l4', 'd6'),    -- 동대문(1,4호선)
('s34', 'l4', 'd24'),   -- 창동(1,4호선)
('s119', 'l7', 'd25'),  -- 노원(4,7호선)
('s131', 'l6', 'd2'),   -- 삼각지(4,6호선)
('s134', 'l9', 'd12'),  -- 동작(4,9호선)
('s135', 'l7', 'd12'),  -- 총신대입구(4,7호선)

-- 5호선 환승역
('s39', 'l5', 'd13'),   -- 영등포구청(2,5호선)
('s46', 'l5', 'd5'),    -- 충정로(2,5호선)
('s49', 'l5', 'd4'),    -- 을지로4가(2,5호선)
('s153', 'l6', 'd1'),   -- 공덕(5,6호선)
('s163', 'l7', 'd9'),   -- 군자(5,7호선)
('s166', 'l8', 'd22'),  -- 천호(5,8호선)
('s174', 'l9', 'd21'),  -- 올림픽공원(5,9호선)

-- 6호선 환승역
('s182', 'l7', 'd25'),  -- 태릉입구(6,7호선)

-- 7호선 환승역
('s37', 'l7', 'd24'),   -- 도봉산(1,7호선)
('s40', 'l9', 'd13'),   -- 당산(2,9호선)
('s150', 'l9', 'd13'),  -- 여의도(5,9호선)

-- 8호선 환승역
('s240', 'l9', 'd21'),  -- 석촌(8,9호선)

-- 9호선 환승역
('s139', 'l5', 'd16'),  -- 김포공항(5,9호선)
('s14', 'l9', 'd12');    -- 노량진(1,9호선)

-- Metro Path Insert SQL
INSERT INTO metro_path (m_p_id, m_l_id, m_p_con_st_1, m_p_con_st_2) VALUES
-- 1호선 구간
('p1', 'l1', 's1', 's2'),    -- 온수-오류동
('p2', 'l1', 's2', 's3'),    -- 오류동-개봉
('p3', 'l1', 's3', 's4'),    -- 개봉-구일
('p4', 'l1', 's4', 's5'),    -- 구일-구로
('p5', 'l1', 's5', 's6'),    -- 구로-신도림
('p6', 'l1', 's6', 's11'),   -- 신도림-영등포
('p7', 'l1', 's5', 's7'),    -- 구로-가산디지털단지
('p8', 'l1', 's7', 's8'),    -- 가산디지털단지-독산
('p9', 'l1', 's8', 's9'),    -- 독산-금천구청
('p10', 'l1', 's9', 's10'),  -- 금천구청-석수
('p11', 'l1', 's11', 's12'), -- 영등포-신길
('p12', 'l1', 's12', 's13'), -- 신길-대방
('p13', 'l1', 's13', 's14'), -- 대방-노량진
('p14', 'l1', 's14', 's15'),  -- 노량진-용산
('p15', 'l1', 's15', 's16'),  -- 용산-남영
('p16', 'l1', 's16', 's17'),  -- 남영-서울역
('p17', 'l1', 's17', 's18'),  -- 서울역-시청
('p18', 'l1', 's18', 's19'),  -- 시청-종각
('p19', 'l1', 's19', 's20'),  -- 종각-종로3가
('p20', 'l1', 's20', 's21'),  -- 종로3가-종로5가
('p21', 'l1', 's21', 's22'),  -- 종로5가-동대문
('p22', 'l1', 's22', 's23'),  -- 동대문-동묘앞
('p23', 'l1', 's23', 's24'), -- 동묘앞-신설동
('p24', 'l1', 's24', 's25'), -- 신설동-제기동
('p25', 'l1', 's25', 's26'), -- 제기동-청량리
('p26', 'l1', 's26', 's27'), -- 청량리-회기
('p27', 'l1', 's27', 's28'), -- 회기-외대앞
('p28', 'l1', 's28', 's29'), -- 외대앞-신이문
('p29', 'l1', 's29', 's30'), -- 신이문-석계
('p30', 'l1', 's30', 's31'), -- 석계-광운대
('p31', 'l1', 's31', 's32'), -- 광운대-월계
('p32', 'l1', 's32', 's33'), -- 월계-녹천
('p33', 'l1', 's33', 's34'), -- 녹천-창동
('p34', 'l1', 's34', 's35'), -- 창동-방학
('p35', 'l1', 's35', 's36'), -- 방학-도봉
('p36', 'l1', 's36', 's37'), -- 도봉-도봉산

-- 2호선 구간
('p37', 'l2', 's6', 's38'),   -- 신도림-문래
('p38', 'l2', 's38', 's39'),  -- 문래-영등포구청
('p39', 'l2', 's39', 's40'),  -- 영등포구청-당산
('p40', 'l2', 's40', 's41'),   -- 당산-합정
('p41', 'l2', 's41', 's42'),   -- 합정-홍대입구
('p42', 'l2', 's42', 's43'),   -- 홍대입구-신촌
('p43', 'l2', 's43', 's44'),   -- 신촌-이대
('p44', 'l2', 's44', 's45'),   -- 이대-아현
('p45', 'l2', 's45', 's46'),   -- 아현-충정로
('p46', 'l2', 's46', 's18'),   -- 충정로-시청
('p47', 'l2', 's18', 's47'),   -- 시청-을지로입구
('p48', 'l2', 's47', 's48'),   -- 을지로입구-을지로3가
('p49', 'l2', 's48', 's49'),   -- 을지로3가-을지로4가
('p50', 'l2', 's49', 's50'),   -- 을지로4가-동대문역사문화공원
('p51', 'l2', 's50', 's51'),   -- 동대문역사문화공원-신당
('p52', 'l2', 's51', 's52'),   -- 신당-상왕십리
('p53', 'l2', 's52', 's53'),   -- 상왕십리-왕십리
('p54', 'l2', 's53', 's54'),   -- 왕십리-한양대
('p55', 'l2', 's54', 's55'),   -- 한양대-뚝섬
('p56', 'l2', 's55', 's56'),   -- 뚝섬-성수
('p57', 'l2', 's56', 's57'),   -- 성수-용답
('p58', 'l2', 's57', 's58'),   -- 용답-신답
('p59', 'l2', 's58', 's59'),   -- 신답-용두
('p60', 'l2', 's59', 's24'),  -- 용두-신설동
('p61', 'l2', 's56', 's60'),   -- 성수-건대입구
('p62', 'l2', 's60', 's61'),   -- 건대입구-구의
('p63', 'l2', 's61', 's62'),   -- 구의-강변
('p64', 'l2', 's62', 's63'),  -- 강변-잠실나루
('p65', 'l2', 's63', 's64'),  -- 잠실나루-잠실
('p66', 'l2', 's64', 's65'),  -- 잠실-잠실새내
('p67', 'l2', 's65', 's66'),  -- 잠실새내-종합운동장
('p68', 'l2', 's66', 's67'),  -- 종합운동장-삼성
('p69', 'l2', 's67', 's68'),  -- 삼성-선릉
('p70', 'l2', 's68', 's69'),  -- 선릉-역삼
('p71', 'l2', 's69', 's70'),  -- 역삼-강남
('p72', 'l2', 's70', 's71'),  -- 강남-교대
('p73', 'l2', 's71', 's72'),  -- 교대-서초
('p74', 'l2', 's72', 's73'),  -- 서초-방배
('p75', 'l2', 's73', 's74'),  -- 방배-사당
('p76', 'l2', 's74', 's75'),  -- 사당-낙성대
('p77', 'l2', 's75', 's76'),  -- 낙성대-서울대입구
('p78', 'l2', 's76', 's77'),  -- 서울대입구-봉천
('p79', 'l2', 's77', 's78'),  -- 봉천-신림
('p80', 'l2', 's78', 's79'),  -- 신림-신대방
('p81', 'l2', 's79', 's80'),  -- 신대방-구로디지털단지
('p82', 'l2', 's80', 's81'),  -- 구로디지털단지-대림
('p83', 'l2', 's81', 's82'),  -- 대림-신도림
('p84', 'l2', 's82', 's6'),   -- 신도림-신도림(순환선)
('p85', 'l2', 's83', 's6'),   -- 도림천-신도림
('p86', 'l2', 's84', 's83'),  -- 양천구청-도림천
('p87', 'l2', 's85', 's84'),  -- 신정네거리-양천구청
('p88', 'l2', 's86', 's85'),  -- 까치산-신정네거리

-- 3호선 구간
('p89', 'l3', 's87', 's88'),   -- 구파발-연신내
('p90', 'l3', 's88', 's89'),   -- 연신내-불광
('p91', 'l3', 's89', 's90'),   -- 불광-녹번
('p92', 'l3', 's90', 's91'),   -- 녹번-홍제
('p93', 'l3', 's91', 's92'),   -- 홍제-무악재
('p94', 'l3', 's92', 's93'),   -- 무악재-독립문
('p95', 'l3', 's93', 's94'),   -- 독립문-경복궁
('p96', 'l3', 's94', 's95'),   -- 경복궁-안국
('p97', 'l3', 's95', 's20'),   -- 안국-종로3가
('p98', 'l3', 's20', 's48'),   -- 종로3가-을지로3가
('p99', 'l3', 's48', 's96'),   -- 을지로3가-충무로
('p100', 'l3', 's96', 's97'),  -- 충무로-동대입구
('p101', 'l3', 's97', 's98'),  -- 동대입구-약수
('p102', 'l3', 's98', 's99'),  -- 약수-금호
('p103', 'l3', 's99', 's100'), -- 금호-옥수
('p104', 'l3', 's100', 's101'), -- 옥수-압구정
('p105', 'l3', 's101', 's102'), -- 압구정-신사
('p106', 'l3', 's102', 's103'), -- 신사-잠원
('p107', 'l3', 's103', 's104'), -- 잠원-고속터미널
('p108', 'l3', 's104', 's72'),  -- 고속터미널-교대
('p109', 'l3', 's72', 's105'),  -- 교대-남부터미널
('p110', 'l3', 's105', 's106'), -- 남부터미널-양재
('p111', 'l3', 's106', 's107'), -- 양재-매봉
('p112', 'l3', 's107', 's108'), -- 매봉-도곡
('p113', 'l3', 's108', 's109'), -- 도곡-대치
('p114', 'l3', 's109', 's110'), -- 대치-학여울
('p115', 'l3', 's110', 's111'), -- 학여울-대청
('p116', 'l3', 's111', 's112'), -- 대청-일원
('p117', 'l3', 's112', 's113'), -- 일원-수서
('p118', 'l3', 's113', 's114'), -- 수서-가락시장
('p119', 'l3', 's114', 's115'), -- 가락시장-경찰병원
('p120', 'l3', 's115', 's116'), -- 경찰병원-오금

-- 4호선 구간
('p121', 'l4', 's117', 's118'), -- 당고개-상계
('p122', 'l4', 's118', 's119'), -- 상계-노원
('p123', 'l4', 's119', 's34'),  -- 노원-창동
('p124', 'l4', 's34', 's120'),  -- 창동-쌍문
('p125', 'l4', 's120', 's121'), -- 쌍문-수유
('p126', 'l4', 's121', 's122'), -- 수유-미아
('p127', 'l4', 's122', 's123'), -- 미아-미아사거리
('p128', 'l4', 's123', 's124'),  -- 미아사거리-길음
('p129', 'l4', 's124', 's125'),  -- 길음-성신여대
('p130', 'l4', 's125', 's126'),  -- 성신여대-한성대입구
('p131', 'l4', 's126', 's127'),  -- 한성대입구-혜화
('p132', 'l4', 's127', 's22'),   -- 혜화-동대문
('p133', 'l4', 's22', 's50'),    -- 동대문-동대문역사문화공원
('p134', 'l4', 's50', 's96'),    -- 동대문역사문화공원-충무로
('p135', 'l4', 's96', 's128'),   -- 충무로-명동
('p136', 'l4', 's128', 's129'),  -- 명동-회현
('p137', 'l4', 's129', 's130'),  -- 회현-숙대입구
('p138', 'l4', 's130', 's131'),  -- 숙대입구-삼각지
('p139', 'l4', 's131', 's132'),  -- 삼각지-신용산
('p140', 'l4', 's132', 's133'),  -- 신용산-이촌
('p141', 'l4', 's133', 's134'), -- 이촌-동작
('p142', 'l4', 's134', 's135'), -- 동작-총신대입구(이수)
('p143', 'l4', 's75', 's136'),  -- 사당-남태령

-- 5호선 구간
('p144', 'l5', 's137', 's138'), -- 방화-개화산
('p145', 'l5', 's138', 's139'), -- 개화산-김포공항
('p146', 'l5', 's139', 's140'), -- 김포공항-송정
('p147', 'l5', 's140', 's141'), -- 송정-마곡
('p148', 'l5', 's141', 's142'), -- 마곡-발산
('p149', 'l5', 's142', 's143'), -- 발산-우장산
('p150', 'l5', 's143', 's144'), -- 우장산-화곡
('p151', 'l5', 's144', 's86'),  -- 화곡-까치산
('p152', 'l5', 's86', 's145'),  -- 까치산-신정
('p153', 'l5', 's145', 's146'), -- 신정-목동
('p154', 'l5', 's146', 's147'), -- 목동-오목교
('p155', 'l5', 's147', 's148'), -- 오목교-양평
('p156', 'l5', 's148', 's149'), -- 양평-영등포시장
('p157', 'l5', 's149', 's150'), -- 영등포시장-여의도
('p158', 'l5', 's150', 's151'), -- 여의도-여의나루
('p159', 'l5', 's151', 's152'),  -- 여의나루-마포
('p160', 'l5', 's152', 's153'),  -- 마포-공덕
('p161', 'l5', 's153', 's154'),  -- 공덕-애오개
('p162', 'l5', 's154', 's155'),  -- 애오개-서대문
('p163', 'l5', 's155', 's156'),  -- 서대문-광화문
('p164', 'l5', 's156', 's20'),   -- 광화문-종로3가
('p165', 'l5', 's20', 's49'),    -- 종로3가-을지로4가
('p166', 'l5', 's49', 's157'),   -- 을지로4가-청구
('p167', 'l5', 's157', 's158'),  -- 청구-신금호
('p168', 'l5', 's158', 's159'),  -- 신금호-행당
('p169', 'l5', 's159', 's160'),  -- 행당-마장
('p170', 'l5', 's160', 's161'),  -- 마장-답십리
('p171', 'l5', 's161', 's162'), -- 답십리-장한평
('p172', 'l5', 's162', 's163'),  -- 장한평-군자
('p173', 'l5', 's163', 's164'),  -- 군자-아차산
('p174', 'l5', 's164', 's165'),  -- 아차산-광나루
('p175', 'l5', 's165', 's166'), -- 광나루-천호
('p176', 'l5', 's166', 's167'), -- 천호-길동
('p177', 'l5', 's167', 's168'), -- 길동-굽은다리
('p178', 'l5', 's168', 's169'), -- 굽은다리-명일
('p179', 'l5', 's169', 's170'), -- 명일-고덕
('p180', 'l5', 's170', 's171'), -- 고덕-상일
('p181', 'l5', 's171', 's172'), -- 상일-강일
('p182', 'l5', 's173', 's174'), -- 둔촌동-올림픽공원
('p183', 'l5', 's174', 's175'), -- 올림픽공원-방이
('p184', 'l5', 's175', 's176'), -- 방이-개롱
('p185', 'l5', 's176', 's177'), -- 개롱-거여
('p186', 'l5', 's177', 's178'), -- 거여-마천

-- 6호선 구간
('p187', 'l6', 's179', 's180'), -- 신내-봉화산
('p188', 'l6', 's180', 's181'), -- 봉화산-화랑대
('p189', 'l6', 's181', 's182'), -- 화랑대-태릉입구
('p190', 'l6', 's182', 's183'),  -- 태릉입구-돌곶이
('p191', 'l6', 's183', 's184'),  -- 돌곶이-상월곡
('p192', 'l6', 's184', 's185'),  -- 상월곡-월곡
('p193', 'l6', 's185', 's186'),  -- 월곡-고려대
('p194', 'l6', 's186', 's187'),  -- 고려대-안암
('p195', 'l6', 's187', 's188'),  -- 안암-보문
('p196', 'l6', 's188', 's189'),  -- 보문-창신
('p197', 'l6', 's23', 's189'),   -- 동묘앞-창신
('p198', 'l6', 's51', 's157'),   -- 신당-청구
('p199', 'l6', 's157', 's98'),   -- 청구-약수
('p200', 'l6', 's98', 's190'),   -- 약수-버티고개
('p201', 'l6', 's190', 's191'),  -- 버티고개-한강진
('p202', 'l6', 's191', 's192'),  -- 한강진-이태원
('p203', 'l6', 's192', 's193'),  -- 이태원-녹사평
('p204', 'l6', 's131', 's193'),  -- 삼각지-녹사평
('p205', 'l6', 's131', 's194'),  -- 삼각지-효창공원앞
('p206', 'l6', 's153', 's194'),  -- 공덕-효창공원앞
('p207', 'l6', 's153', 's195'),  -- 공덕-대흥
('p208', 'l6', 's195', 's196'),  -- 대흥-광흥창
('p209', 'l6', 's196', 's197'),  -- 광흥창-상수
('p210', 'l6', 's41', 's197'),   -- 합정-상수
('p211', 'l6', 's41', 's198'),   -- 합정-망원
('p212', 'l6', 's198', 's199'),  -- 망원-마포구청
('p213', 'l6', 's199', 's200'),  -- 마포구청-월드컵경기장
('p214', 'l6', 's200', 's201'),  -- 월드컵경기장-디지털미디어시티
('p215', 'l6', 's201', 's202'),  -- 디지털미디어시티-증산
('p216', 'l6', 's202', 's203'),  -- 증산-새절
('p217', 'l6', 's203', 's204'),  -- 새절-응암
('p218', 'l6', 's204', 's207'),  -- 응암-구산
('p219', 'l6', 's88', 's207'),   -- 연신내-구산
('p220', 'l6', 's88', 's206'),   -- 연신내-독바위
('p221', 'l6', 's89', 's206'),   -- 불광-독바위
('p222', 'l6', 's89', 's205'),   -- 불광-역촌
('p223', 'l6', 's204', 's205'),  -- 응암-역촌

-- 7호선 구간
('p232', 'l7', 's37', 's208'),  -- 도봉산-수락산
('p233', 'l7', 's208', 's209'), -- 수락산-마들
('p234', 'l7', 's119', 's209'), -- 노원-마들
('p235', 'l7', 's119', 's210'), -- 노원-중계
('p236', 'l7', 's210', 's211'), -- 중계-하계
('p237', 'l7', 's211', 's212'), -- 하계-공릉
('p238', 'l7', 's182', 's212'), -- 태릉입구-공릉
('p239', 'l7', 's182', 's213'), -- 태릉입구-먹골
('p240', 'l7', 's213', 's214'), -- 먹골-중화
('p241', 'l7', 's214', 's215'), -- 중화-상봉
('p242', 'l7', 's215', 's216'), -- 상봉-면목
('p243', 'l7', 's216', 's217'), -- 면목-사가정
('p244', 'l7', 's217', 's218'), -- 사가정-용마산
('p245', 'l7', 's218', 's219'),  -- 용마산-중곡
('p246', 'l7', 's163', 's219'),  -- 군자-중곡
('p247', 'l7', 's163', 's220'),  -- 군자-어린이대공원
('p248', 'l7', 's60', 's220'),   -- 건대입구-어린이대공원
('p249', 'l7', 's60', 's221'),   -- 건대입구-자양
('p250', 'l7', 's221', 's222'), -- 자양-청담
('p251', 'l7', 's222', 's223'), -- 청담-강남구청
('p252', 'l7', 's223', 's224'), -- 강남구청-학동
('p253', 'l7', 's224', 's225'), -- 학동-논현
('p254', 'l7', 's225', 's226'), -- 논현-반포
('p255', 'l7', 's104', 's226'), -- 고속터미널-반포
('p256', 'l7', 's104', 's227'), -- 고속터미널-내방
('p257', 'l7', 's135', 's227'),  -- 총신대입구-내방
('p258', 'l7', 's135', 's228'),  -- 총신대입구-남성
('p259', 'l7', 's228', 's229'),  -- 남성-숭실대입구
('p260', 'l7', 's229', 's230'),  -- 숭실대입구-상도
('p261', 'l7', 's230', 's231'),  -- 상도-장승배기
('p262', 'l7', 's231', 's232'),  -- 장승배기-신대방삼거리
('p263', 'l7', 's232', 's233'),  -- 신대방삼거리-보라매
('p264', 'l7', 's233', 's234'),  -- 보라매-신풍
('p265', 'l7', 's82', 's234'),   -- 대림-신풍
('p266', 'l7', 's82', 's235'),   -- 대림-남구로
('p267', 'l7', 's7', 's235'),    -- 가산디지털단지-남구로

-- 8호선 구간
('p268', 'l8', 's236', 's237'),  -- 암사역사공원-암사
('p269', 'l8', 's166', 's237'),  -- 천호-암사
('p270', 'l8', 's166', 's238'),  -- 천호-강동구청
('p271', 'l8', 's238', 's239'),  -- 강동구청-몽촌토성
('p272', 'l8', 's64', 's239'),   -- 잠실-몽촌토성
('p273', 'l8', 's64', 's240'),   -- 잠실-석촌
('p274', 'l8', 's240', 's241'),  -- 석촌-송파
('p275', 'l8', 's114', 's241'),  -- 가락시장-송파
('p276', 'l8', 's114', 's242'),  -- 가락시장-문정
('p277', 'l8', 's242', 's243'),  -- 문정-장지
('p278', 'l8', 's243', 's244'),  -- 장지-복정

-- 9호선 구간
('p279', 'l9', 's245', 's246'),  -- 중앙보훈병원-둔촌오륜
('p280', 'l9', 's174', 's246'),  -- 올림픽공원-둔촌오륜
('p281', 'l9', 's174', 's247'),  -- 올림픽공원-한성백제
('p282', 'l9', 's247', 's248'),  -- 한성백제-송파나루
('p283', 'l9', 's240', 's248'),  -- 석촌-송파나루
('p284', 'l9', 's240', 's249'),  -- 석촌-석촌고분
('p285', 'l9', 's249', 's250'),  -- 석촌고분-삼전
('p286', 'l9', 's250', 's251'),  -- 삼전-봉은사
('p287', 'l9', 's251', 's252'),  -- 봉은사-삼성중앙
('p288', 'l9', 's252', 's253'),  -- 삼성중앙-선정릉
('p289', 'l9', 's253', 's254'),  -- 선정릉-언주
('p290', 'l9', 's254', 's255'),  -- 언주-신논현
('p291', 'l9', 's255', 's256'),  -- 신논현-사평
('p292', 'l9', 's104', 's256'),  -- 고속터미널-사평
('p293', 'l9', 's104', 's257'),  -- 고속터미널-신반포
('p294', 'l9', 's257', 's258'),  -- 신반포-구반포
('p295', 'l9', 's134', 's258'),  -- 동작-구반포
('p296', 'l9', 's134', 's259'),  -- 동작-흑석
('p297', 'l9', 's259', 's260'),  -- 흑석-노들
('p298', 'l9', 's14', 's260'),   -- 노량진-노들
('p299', 'l9', 's14', 's261'),   -- 노량진-샛강
('p300', 'l9', 's150', 's261'),  -- 여의도-샛강
('p301', 'l9', 's150', 's262'),  -- 여의도-국회의사당
('p302', 'l9', 's40', 's262'),   -- 당산-국회의사당
('p303', 'l9', 's40', 's263'),   -- 당산-선유도
('p304', 'l9', 's263', 's264'),  -- 선유도-신목동
('p305', 'l9', 's264', 's265'),  -- 신목동-염창
('p306', 'l9', 's265', 's266'),  -- 염창-등촌
('p307', 'l9', 's266', 's267'),  -- 등촌-증미
('p308', 'l9', 's267', 's268'),  -- 증미-가양
('p309', 'l9', 's268', 's269'),  -- 가양-양천향교
('p310', 'l9', 's269', 's270'),  -- 양천향교-마곡나루
('p311', 'l9', 's270', 's271'),  -- 마곡나루-신방화
('p312', 'l9', 's271', 's272'),  -- 신방화-공항시장
('p313', 'l9', 's139', 's272'),  -- 김포공항-공항시장
('p314', 'l9', 's139', 's273');   -- 김포공항-개화